year,category,value,unit
2017,Oil,3861,projects
2017,Gas,357,projects
2017,Electric (direct),1380,projects
2017,Heat pump,11,projects
2017,Wood,287,projects
2017,District heating,23,projects
2017,Other,0,projects
2018,Oil,4639,projects
2018,Gas,468,projects
2018,Electric (direct),1650,projects
2018,Heat pump,21,projects
2018,Wood,254,projects
2018,District heating,10,projects
2018,Other,0,projects
2019,Oil,6981,projects
2019,Gas,588,projects
2019,Electric (direct),1974,projects
2019,Heat pump,74,projects
2019,Wood,276,projects
2019,District heating,7,projects
2019,Other,0,projects
2020,Oil,11357,projects
2020,Gas,1352,projects
2020,Electric (direct),2526,projects
2020,Heat pump,12,projects
2020,Wood,304,projects
2020,District heating,13,projects
2020,Other,0,projects
2021,Oil,16423,projects
2021,Gas,2325,projects
2021,Electric (direct),2948,projects
2021,Heat pump,8,projects
2021,Wood,270,projects
2021,District heating,8,projects
2021,Other,0,projects
2022,Oil,21847,projects
2022,Gas,7827,projects
2022,Electric (direct),3157,projects
2022,Heat pump,8,projects
2022,Wood,320,projects
2022,District heating,10,projects
2022,Other,0,projects
2023,Oil,18094,projects
2023,Gas,9080,projects
2023,Electric (direct),3422,projects
2023,Heat pump,13,projects
2023,Wood,241,projects
2023,District heating,15,projects
2023,Other,0,projects
2024,Oil,13393,projects
2024,Gas,6274,projects
2024,Electric (direct),3172,projects
2024,Heat pump,8,projects
2024,Wood,240,projects
2024,District heating,22,projects
2024,Other,0,projects
2025,Oil,13257,projects
2025,Gas,6361,projects
2025,Electric (direct),5179,projects
2025,Heat pump,9,projects
2025,Wood,329,projects
2025,District heating,10,projects
2025,Other,22,projects
